timestamp,model_slug,reasoning_effort,score
2026-10-05T04:59:52Z,gpt-6.1-sol,medium,4
2026-10-05T05:03:34Z,gpt-6-luna,high,5
2026-10-05T04:59:52Z,gpt-6.1-sol,medium,5
2026-10-05T04:59:52Z,gpt-6.1-sol,medium,4
2026-10-05T04:59:52Z,gpt-6.1-sol,medium,4
2026-10-05T04:59:52Z,gpt-6.1-sol,medium,4
2026-10-05T05:31:15Z,gpt-6-luna,high,4
2026-10-05T05:32:48Z,gpt-6-luna,unknown,4
2026-10-05T05:38:25Z,gpt-6-luna,high,3
2026-10-05T05:52:41Z,gpt-6-luna,high,3
2026-10-05T05:58:06Z,gpt-6-luna,high,3
2026-10-05T05:59:07Z,gpt-6-luna,high,4
2026-10-05T06:52:39Z,gpt-6-luna,high,3
2026-10-05T06:52:40Z,gpt-6-luna,high,4
2026-10-05T07:35:57Z,gpt-6-luna,high,4
2026-10-05T07:52:39Z,gpt-6-luna,high,4
2026-10-05T07:57:33Z,gpt-6-luna,high,3
2026-10-05T08:03:05Z,gpt-6-luna,high,4
2026-10-05T08:03:06Z,gpt-6-luna,high,5
2026-10-05T08:38:51Z,gpt-6-luna,xhigh,3
2026-10-05T09:15:13Z,gpt-6-luna,xhigh,4
2026-10-05T09:33:20Z,gpt-6-luna,xhigh,4
2026-10-05T09:43:43Z,gpt-6-luna,xhigh,4
2026-10-05T09:43:44Z,gpt-6-luna,xhigh,4
2026-10-05T10:03:14Z,gpt-6-luna,xhigh,4
2026-10-05T10:03:15Z,gpt-6-luna,xhigh,4
2026-10-05T10:19:17Z,gpt-6-luna,xhigh,3
2026-10-05T10:28:26Z,gpt-6-luna,xhigh,5
2026-10-05T10:59:51Z,gpt-6-luna,xhigh,4
2026-10-05T10:59:51Z,gpt-6-luna,xhigh,4
2026-10-05T10:59:51Z,gpt-6-luna,xhigh,2
2026-10-05T11:10:10Z,gpt-6-luna,xhigh,4
2026-10-05T11:33:35Z,gpt-6-luna,xhigh,5
2026-10-05T14:50:32Z,gpt-6-luna,xhigh,2
2026-10-05T15:12:13Z,gpt-6-luna,max,5
2026-10-05T16:59:09Z,gpt-6-luna,max,5
2026-10-05T17:01:58Z,gpt-6-luna,max,5
2026-10-05T18:14:18Z,gpt-6-luna,max,2
2026-10-05T18:14:19Z,gpt-6-luna,max,4
2026-10-05T18:37:20Z,gpt-6-luna,max,4
2026-10-05T18:37:21Z,gpt-6-luna,max,3
2026-10-05T18:37:22Z,gpt-6-luna,max,2
2026-10-05T18:37:23Z,gpt-6-luna,max,4
2026-10-05T18:37:24Z,gpt-6-luna,max,4
2026-10-05T18:37:25Z,gpt-6-luna,max,4
2026-10-05T18:37:26Z,gpt-6-luna,max,4
2026-10-05T18:37:27Z,gpt-6-luna,max,1
2026-10-05T18:49:54Z,gpt-6-luna,max,4
2026-10-05T19:11:41Z,gpt-6-luna,max,4
2026-10-05T19:33:06Z,gpt-6-luna,max,4
2026-10-05T19:36:49Z,gpt-6-luna,max,5
2026-10-05T19:51:06Z,gpt-6-luna,max,3
2026-10-05T19:51:39Z,gpt-6-luna,max,4
2026-10-05T19:58:49Z,gpt-6-luna,max,4
2026-10-05T20:13:23Z,gpt-6-luna,max,1
2026-10-05T20:19:42Z,gpt-6-luna,max,3
2026-10-05T20:37:06Z,gpt-6-luna,max,3
2026-10-05T21:05:16Z,gpt-6-luna,max,5
2026-10-05T21:12:26Z,gpt-6-luna,max,4
2026-10-07T08:58:46Z,gpt-6-luna,max,2
2026-10-07T09:01:51Z,gpt-6-luna,max,4
2026-10-07T09:04:32Z,gpt-6-luna,max,5
2026-10-07T09:06:08Z,gpt-6-luna,max,5
2026-10-07T09:09:27Z,gpt-6-luna,max,5
2026-10-07T09:10:52Z,gpt-6-luna,max,5
2026-10-07T09:11:53Z,gpt-6-luna,max,5
2026-10-07T09:12:52Z,gpt-6-luna,max,3
2026-10-07T09:21:27Z,gpt-6-luna,max,5
2026-10-07T09:23:48Z,gpt-6-luna,max,5
2026-10-07T09:36:27Z,gpt-6-luna,max,4
2026-10-07T10:10:07Z,gpt-6-luna,max,3
2026-10-07T10:20:01Z,gpt-6-luna,max,3
2026-10-07T10:22:37Z,gpt-6.1-sol,low,4
2026-10-07T10:55:03Z,gpt-6.1-sol,low,2
2026-10-07T10:55:04Z,gpt-6.1-sol,low,3
2026-10-07T10:55:05Z,gpt-6.1-sol,low,4
2026-10-07T10:55:06Z,gpt-6.1-sol,low,3
2026-10-07T10:55:07Z,gpt-6.1-sol,low,4
2026-10-07T11:00:49Z,gpt-6.1-sol,low,3
2026-10-07T11:00:50Z,gpt-6.1-sol,low,4
2026-10-07T11:00:51Z,gpt-6.1-sol,low,3
2026-10-07T11:00:52Z,gpt-6.1-sol,low,4
2026-10-07T11:06:49Z,gpt-6.1-sol,low,4
2026-10-07T11:06:50Z,gpt-6.1-sol,low,4
2026-10-07T11:11:00Z,gpt-6.1-sol,medium,5
2026-10-07T11:15:33Z,gpt-6.1-sol,medium,5
2026-10-07T12:08:39Z,gpt-6.1-sol,medium,5
2026-10-07T12:52:04Z,gpt-6.1-sol,medium,5
2026-10-07T12:52:04Z,gpt-6.1-sol,medium,4
2026-10-07T12:52:04Z,gpt-6.1-sol,medium,3
2026-10-07T12:52:49Z,gpt-6.1-sol,medium,3
2026-10-07T12:58:56Z,gpt-6.1-sol,medium,4
2026-10-07T13:04:26Z,gpt-6.1-sol,medium,5
2026-10-07T14:33:20.588Z,gpt-6.1-sol,medium,4
2026-10-07T14:33:23.927Z,gpt-6.1-sol,medium,5
2026-10-07T14:33:26.513Z,gpt-6.1-sol,medium,5
2026-10-07T14:33:29.200Z,gpt-6.1-sol,medium,3
2026-10-07T14:33:32.101Z,gpt-6.1-sol,medium,4
2026-10-07T14:33:36.295Z,gpt-6.1-sol,medium,4
2026-10-07T14:33:39.203Z,gpt-6.1-sol,medium,5
2026-10-07T14:45:32.441Z,gpt-6.1-sol,medium,5
2026-10-07T14:45:32.441Z,gpt-6.1-sol,medium,5
2026-10-07T14:45:32.441Z,gpt-6.1-sol,medium,4
2026-10-07T14:46:58.576Z,gpt-6.1-sol,medium,5
2026-10-07T14:46:58.577Z,gpt-6.1-sol,medium,5
2026-10-07T15:41:03.600Z,gpt-6.1-sol,high,5
2026-10-07T15:41:13.037Z,gpt-6.1-sol,high,4
2026-10-07T15:41:21.320Z,gpt-6.1-sol,high,5
2026-10-07T15:41:26.636Z,gpt-6.1-sol,high,4
2026-10-07T15:44:56.852Z,gpt-6.1-sol,high,5
2026-10-07T16:34:50Z,gpt-6.1-sol,high,5
2026-10-07T16:34:50Z,gpt-6.1-sol,high,5
2026-10-07T16:34:50Z,gpt-6.1-sol,high,4
2026-10-07T16:34:50Z,gpt-6.1-sol,high,4
2026-10-07T16:54:11Z,gpt-6.1-sol,high,5
2026-10-07T17:27:17Z,gpt-6-luna,max,4
2026-10-07T17:27:17Z,gpt-6-luna,max,4
2026-10-07T17:39:23Z,gpt-6-luna,max,3
2026-10-07T17:44:00Z,gpt-6-luna,max,5
